fixture_id,fecha,torneo,ronda,arbitro,estadio,side,equipo,equipo_id,oponente,goles,goles_rival,goles_ht,resultado,shots_on_goal,shots_off_goal,total_shots,blocked_shots,shots_insidebox,shots_outsidebox,fouls,corner_kicks,offsides,ball_possession,yellow_cards,red_cards,goalkeeper_saves,total_passes,passes_accurate,passes_%,expected_goals,goals_prevented
1491793,2026-01-10,Clausura,Clausura - 1,"Ivan Antonio Lopez Sanchez, Mexico",Estadio de Mazatlan,home,Mazatlán,14002,FC Juarez,1,2,1,L,2,2,4,0,3,1,15,2,2.0,46%,1.0,,1,322,253,79%,,
1491793,2026-01-10,Clausura,Clausura - 1,"Ivan Antonio Lopez Sanchez, Mexico",Estadio de Mazatlan,away,FC Juarez,2298,Mazatlán,2,1,2,W,3,4,8,1,5,3,14,5,0.0,54%,0.0,,1,370,291,79%,,
1491792,2026-01-10,Clausura,Clausura - 1,"Ismael Rosario Lopez Penuelas, Mexico",Estadio Caliente,home,Club Tijuana,2280,Club America,0,0,0,D,2,6,9,1,4,5,10,1,0.0,60%,0.0,,2,619,537,87%,,
1491792,2026-01-10,Clausura,Clausura - 1,"Ismael Rosario Lopez Penuelas, Mexico",Estadio Caliente,away,Club America,2287,Club Tijuana,0,0,0,D,2,2,4,0,2,2,9,3,2.0,40%,2.0,,2,405,326,80%,,
1491791,2026-01-10,Clausura,Clausura - 1,"César Ramos Palazuelos, Mexico",Estadio Jalisco,home,Atlas,2283,Puebla,1,0,1,W,3,4,8,1,5,3,12,1,1.0,41%,3.0,,6,329,273,83%,,
1491791,2026-01-10,Clausura,Clausura - 1,"César Ramos Palazuelos, Mexico",Estadio Jalisco,away,Puebla,2291,Atlas,0,1,0,L,6,6,15,3,9,6,17,4,2.0,59%,2.0,,2,471,399,85%,,
1491794,2026-01-10,Clausura,Clausura - 1,"Marco Antonio Ortiz Nava, Mexico",Estadio Akron,home,Guadalajara Chivas,2278,Pachuca,2,0,2,W,6,10,18,2,12,6,10,5,1.0,58%,0.0,,3,533,453,85%,,
1491794,2026-01-10,Clausura,Clausura - 1,"Marco Antonio Ortiz Nava, Mexico",Estadio Akron,away,Pachuca,2292,Guadalajara Chivas,0,2,0,L,2,5,10,3,5,5,15,2,3.0,42%,2.0,,4,402,321,80%,,
1491796,2026-01-11,Clausura,Clausura - 1,"Luis Alfredo Garcia Rodriguez, Mexico",Estadio Corona,home,Santos Laguna,2285,Necaxa,1,3,1,L,4,5,15,6,11,4,17,7,2.0,55%,2.0,1.0,3,359,275,77%,,
1491796,2026-01-11,Clausura,Clausura - 1,"Luis Alfredo Garcia Rodriguez, Mexico",Estadio Corona,away,Necaxa,2288,Santos Laguna,3,1,2,W,6,4,13,3,8,5,13,3,2.0,45%,1.0,0.0,4,303,245,81%,,
1491795,2026-01-11,Clausura,Clausura - 1,"Victor Alfonso Caceres Hernandez, Mexico",Estadio Leon,home,Leon,2289,Cruz Azul,2,1,1,W,6,1,8,1,6,2,18,3,3.0,45%,3.0,,6,352,274,78%,,
1491795,2026-01-11,Clausura,Clausura - 1,"Victor Alfonso Caceres Hernandez, Mexico",Estadio Leon,away,Cruz Azul,2295,Leon,1,2,0,L,7,6,20,7,14,6,16,6,2.0,55%,1.0,,4,412,319,77%,,
1491797,2026-01-11,Clausura,Clausura - 1,"Luis Santander, Mexico",Estadio BBVA Bancomer,home,Monterrey,2282,Toluca,0,1,0,L,5,6,16,5,10,6,8,2,1.0,64%,0.0,,1,603,521,86%,,
1491797,2026-01-11,Clausura,Clausura - 1,"Luis Santander, Mexico",Estadio BBVA Bancomer,away,Toluca,2281,Monterrey,1,0,0,W,2,6,14,6,6,8,18,4,1.0,36%,5.0,,5,336,258,77%,,
1491798,2026-01-11,Clausura,Clausura - 1,"Maximiliano Quintero Hernandez, Mexico",Estadio Olimpico Universitario,home,U.N.A.M. - Pumas,2286,Club Queretaro,1,1,0,D,4,6,16,6,10,6,14,7,1.0,59%,1.0,,3,482,423,88%,,
1491798,2026-01-11,Clausura,Clausura - 1,"Maximiliano Quintero Hernandez, Mexico",Estadio Olimpico Universitario,away,Club Queretaro,2290,U.N.A.M. - Pumas,1,1,0,D,4,7,15,4,8,7,9,4,0.0,41%,0.0,,3,337,271,80%,,
1491799,2026-01-12,Clausura,Clausura - 1,"Daniel Quintero Huitrón, Mexico",Estadio Alfonso Lastras,home,Atletico San Luis,2314,Tigres UANL,1,2,0,L,1,4,13,8,7,6,6,5,1.0,48%,1.0,,1,439,358,82%,0.87,
1491799,2026-01-12,Clausura,Clausura - 1,"Daniel Quintero Huitrón, Mexico",Estadio Alfonso Lastras,away,Tigres UANL,2279,Atletico San Luis,2,1,0,W,3,3,8,2,6,2,14,3,2.0,52%,2.0,,0,489,410,84%,0.44,
1491802,2026-01-13,Clausura,Clausura - 2,"Joaquin Alberto Vizcarra Armenta, Mexico",Estadio Cuauhtemoc,home,Puebla,2291,Mazatlán,2,1,2,W,7,8,20,5,12,8,21,8,0.0,56%,4.0,,5,381,327,86%,,
1491802,2026-01-13,Clausura,Clausura - 2,"Joaquin Alberto Vizcarra Armenta, Mexico",Estadio Cuauhtemoc,away,Mazatlán,14002,Puebla,1,2,0,L,6,1,8,1,5,3,13,6,2.0,44%,1.0,,5,297,232,78%,,
1491800,2026-01-14,Clausura,Clausura - 2,"Fernando Hernandez, Mexico",Estadio Victoria,home,Necaxa,2288,Monterrey,0,2,0,L,4,11,17,2,14,3,15,10,1.0,51%,,,2,415,354,85%,,
1491800,2026-01-14,Clausura,Clausura - 2,"Fernando Hernandez, Mexico",Estadio Victoria,away,Monterrey,2282,Necaxa,2,0,2,W,4,8,15,3,6,9,13,4,0.0,49%,,,4,418,353,84%,,
1491801,2026-01-14,Clausura,Clausura - 2,"Guillermo Pacheco Larios, Mexico",Estadio Miguel Hidalgo,home,Pachuca,2292,Leon,2,1,1,W,8,4,14,2,2,12,12,4,1.0,47%,1.0,,1,422,353,84%,,
1491801,2026-01-14,Clausura,Clausura - 2,"Guillermo Pacheco Larios, Mexico",Estadio Miguel Hidalgo,away,Leon,2289,Pachuca,1,2,0,L,2,6,13,5,8,5,10,6,1.0,53%,0.0,,6,466,400,86%,,
1491804,2026-01-14,Clausura,Clausura - 2,"Adonai Escobedo Gonzalez, Mexico",Estadio Olimpico Benito Juarez,home,FC Juarez,2298,Guadalajara Chivas,0,1,0,L,3,4,7,0,5,2,10,1,0.0,51%,2.0,,5,472,389,82%,,
1491804,2026-01-14,Clausura,Clausura - 2,"Adonai Escobedo Gonzalez, Mexico",Estadio Olimpico Benito Juarez,away,Guadalajara Chivas,2278,FC Juarez,1,0,0,W,6,6,14,2,7,7,9,4,3.0,49%,2.0,,3,448,371,83%,,
1491803,2026-01-14,Clausura,Clausura - 2,"Yonatan Peinado Aguirre, Mexico",Estadio Azteca,home,Cruz Azul,2295,Atlas,2,0,2,W,6,9,17,2,10,7,14,6,1.0,48%,2.0,,2,406,342,84%,,
1491803,2026-01-14,Clausura,Clausura - 2,"Yonatan Peinado Aguirre, Mexico",Estadio Azteca,away,Atlas,2283,Cruz Azul,0,2,0,L,2,2,6,2,4,2,14,3,2.0,52%,3.0,,4,440,366,83%,,
1491806,2026-01-15,Clausura,Clausura - 2,"Karen Hernandez Andrade, Mexico",Estadio La Corregidora,home,Club Queretaro,2290,Club Tijuana,1,2,0,L,5,5,11,1,7,4,11,6,1.0,51%,3.0,,1,372,302,81%,2.24,
1491806,2026-01-15,Clausura,Clausura - 2,"Karen Hernandez Andrade, Mexico",Estadio La Corregidora,away,Club Tijuana,2280,Club Queretaro,2,1,0,W,4,3,10,3,5,5,14,6,0.0,49%,2.0,,3,364,305,84%,0.85,
1491805,2026-01-15,Clausura,Clausura - 2,"Vicente Jassiel Reynoso Arce, Mexico",Estadio Ciudad de los Deportes,home,Club America,2287,Atletico San Luis,0,2,0,L,1,4,9,4,2,7,14,1,,46%,1.0,1.0,3,433,371,86%,0.52,
1491805,2026-01-15,Clausura,Clausura - 2,"Vicente Jassiel Reynoso Arce, Mexico",Estadio Ciudad de los Deportes,away,Atletico San Luis,2314,Club America,2,0,0,W,7,5,16,4,10,6,9,8,,54%,0.0,0.0,1,491,428,87%,1.44,
1491807,2026-01-15,Clausura,Clausura - 2,"Jesus Rafael Lopez Valle, Mexico",Estadio Universitario,home,Tigres UANL,2279,U.N.A.M. - Pumas,0,1,0,L,7,11,32,14,24,8,10,18,2.0,68%,3.0,0.0,3,573,509,89%,2.88,
1491807,2026-01-15,Clausura,Clausura - 2,"Jesus Rafael Lopez Valle, Mexico",Estadio Universitario,away,U.N.A.M. - Pumas,2286,Tigres UANL,1,0,1,W,4,1,6,1,4,2,19,2,2.0,32%,6.0,1.0,6,282,201,71%,0.91,
1491808,2026-01-15,Clausura,Clausura - 2,"Martin Molina Astorga, Mexico",Estadio Nemesio Diez,home,Toluca,2281,Santos Laguna,3,1,0,W,9,9,22,4,10,12,14,5,2.0,73%,2.0,,1,667,599,90%,2.46,
1491808,2026-01-15,Clausura,Clausura - 2,"Martin Molina Astorga, Mexico",Estadio Nemesio Diez,away,Santos Laguna,2285,Toluca,1,3,1,L,2,1,3,0,3,0,10,1,1.0,27%,6.0,,7,237,185,78%,0.18,
1491809,2026-01-17,Clausura,Clausura - 3,"Ismael Rosario Lopez Penuelas, Mexico",Estadio El Encanto,home,Mazatlán,14002,Monterrey,1,5,0,L,4,5,9,0,5,4,13,4,0.0,34%,3.0,,6,289,231,80%,,
1491809,2026-01-17,Clausura,Clausura - 3,"Ismael Rosario Lopez Penuelas, Mexico",Estadio El Encanto,away,Monterrey,2282,Mazatlán,5,1,3,W,11,2,18,5,13,5,8,7,2.0,66%,1.0,,3,570,502,88%,,
1491811,2026-01-17,Clausura,Clausura - 3,"Maximiliano Quintero Hernandez, Mexico",Estadio Victoria,home,Necaxa,2288,Atlas,0,1,0,L,2,4,13,7,6,7,10,7,0.0,59%,3.0,1.0,2,437,356,81%,0.78,
1491811,2026-01-17,Clausura,Clausura - 3,"Maximiliano Quintero Hernandez, Mexico",Estadio Victoria,away,Atlas,2283,Necaxa,1,0,1,W,3,8,13,2,5,8,13,4,1.0,41%,3.0,1.0,2,308,234,76%,0.80,
1491810,2026-01-17,Clausura,Clausura - 3,"Jorge Abraham Camacho Peregrina, Mexico",Estadio Akron,home,Guadalajara Chivas,2278,Club Queretaro,2,1,1,W,8,10,22,4,13,9,11,7,1.0,67%,2.0,,3,599,530,88%,1.65,
1491810,2026-01-17,Clausura,Clausura - 3,"Jorge Abraham Camacho Peregrina, Mexico",Estadio Akron,away,Club Queretaro,2290,Guadalajara Chivas,1,2,0,L,4,6,11,1,6,5,11,2,2.0,33%,3.0,,6,285,204,72%,1.42,
1491812,2026-01-18,Clausura,Clausura - 3,"Oscar Mejia Garcia, Mexico",Estadio Universitario,home,Tigres UANL,2279,Toluca,0,0,0,D,2,3,7,2,2,5,19,3,2.0,49%,4.0,1.0,4,364,265,73%,,
1491812,2026-01-18,Clausura,Clausura - 3,"Oscar Mejia Garcia, Mexico",Estadio Universitario,away,Toluca,2281,Tigres UANL,0,0,0,D,4,2,11,5,6,5,24,3,1.0,51%,4.0,0.0,2,376,279,74%,,
1491814,2026-01-18,Clausura,Clausura - 3,"Mario Terrazas Chavez, Mexico",Estadio Azteca,home,Cruz Azul,2295,Puebla,1,0,0,W,10,11,33,12,17,16,14,10,4.0,74%,1.0,0.0,0,501,435,87%,,
1491814,2026-01-18,Clausura,Clausura - 3,"Mario Terrazas Chavez, Mexico",Estadio Azteca,away,Puebla,2291,Cruz Azul,0,1,0,L,0,3,5,2,3,2,9,4,2.0,26%,2.0,1.0,9,178,126,71%,,
1491813,2026-01-18,Clausura,Clausura - 3,"Victor Alfonso Caceres Hernandez, Mexico",Estadio Caliente,home,Club Tijuana,2280,Atletico San Luis,1,1,1,D,4,3,8,1,6,2,17,2,1.0,46%,4.0,,1,432,364,84%,,
1491813,2026-01-18,Clausura,Clausura - 3,"Victor Alfonso Caceres Hernandez, Mexico",Estadio Caliente,away,Atletico San Luis,2314,Club Tijuana,1,1,0,D,2,3,9,4,6,3,9,1,0.0,54%,0.0,,3,498,427,86%,,
1491815,2026-01-18,Clausura,Clausura - 3,"Daniel Quintero Huitrón, Mexico",Estadio Olimpico Universitario,home,U.N.A.M. - Pumas,2286,Leon,1,1,0,D,2,6,13,5,9,4,12,5,3.0,56%,3.0,,6,495,419,85%,,
1491815,2026-01-18,Clausura,Clausura - 3,"Daniel Quintero Huitrón, Mexico",Estadio Olimpico Universitario,away,Leon,2289,U.N.A.M. - Pumas,1,1,1,D,6,5,17,6,11,6,14,4,0.0,44%,1.0,,1,387,322,83%,,
1491816,2026-01-18,Clausura,Clausura - 3,"Marco Antonio Ortiz Nava, Mexico",Estadio Corona,home,Santos Laguna,2285,FC Juarez,2,2,1,D,6,6,21,9,13,8,18,6,2.0,40%,4.0,,8,255,163,64%,,
1491816,2026-01-18,Clausura,Clausura - 3,"Marco Antonio Ortiz Nava, Mexico",Estadio Corona,away,FC Juarez,2298,Santos Laguna,2,2,0,D,10,10,24,4,11,13,13,3,1.0,60%,4.0,,4,407,333,82%,,
1491817,2026-01-19,Clausura,Clausura - 3,"Luis Santander, Mexico",Estadio Miguel Hidalgo,home,Pachuca,2292,Club America,0,0,0,D,2,3,7,2,4,3,17,3,1.0,37%,3.0,,2,353,291,82%,0.28,
1491817,2026-01-19,Clausura,Clausura - 3,"Luis Santander, Mexico",Estadio Miguel Hidalgo,away,Club America,2287,Pachuca,0,0,0,D,2,4,10,4,5,5,10,6,1.0,63%,1.0,,1,601,540,90%,0.33,
1492490,2026-01-31,Clausura,Clausura - 4,Q. Contreras,Estadio Cuauhtemoc,home,Puebla,2291,Toluca,0,0,0,D,1,2,4,1,1,3,12,0,1.0,30%,2.0,1.0,6,238,179,75%,0.22,
1492490,2026-01-31,Clausura,Clausura - 4,Q. Contreras,Estadio Cuauhtemoc,away,Toluca,2281,Puebla,0,0,0,D,5,11,27,11,11,16,10,12,3.0,70%,3.0,0.0,1,559,496,89%,2.43,
1492492,2026-01-31,Clausura,Clausura - 4,V. Arce,Estadio Olimpico Universitario,home,U.N.A.M. - Pumas,2286,Santos Laguna,4,0,4,W,5,3,8,0,3,5,8,0,4.0,52%,2.0,,4,376,323,86%,0.46,
1492492,2026-01-31,Clausura,Clausura - 4,V. Arce,Estadio Olimpico Universitario,away,Santos Laguna,2285,U.N.A.M. - Pumas,0,4,0,L,4,4,10,2,5,5,19,7,1.0,48%,3.0,,1,325,272,84%,0.83,
1492491,2026-01-31,Clausura,Clausura - 4,J. Valle,Estadio Olimpico Benito Juarez,home,FC Juarez,2298,Cruz Azul,3,4,1,L,8,5,17,4,11,6,16,4,5.0,58%,1.0,0.0,3,399,329,82%,3.57,
1492491,2026-01-31,Clausura,Clausura - 4,J. Valle,Estadio Olimpico Benito Juarez,away,Cruz Azul,2295,FC Juarez,4,3,3,W,7,7,17,3,11,6,15,7,2.0,42%,5.0,1.0,5,309,233,75%,2.15,
1492496,2026-01-31,Clausura,Clausura - 4,G. Pacheco Larios,Estadio Ciudad de los Deportes,home,Club America,2287,Necaxa,2,0,2,W,6,5,15,4,11,4,13,5,0.0,64%,1.0,0.0,1,520,466,90%,1.76,
1492496,2026-01-31,Clausura,Clausura - 4,G. Pacheco Larios,Estadio Ciudad de los Deportes,away,Necaxa,2288,Club America,0,2,0,L,1,2,6,3,4,2,12,0,1.0,36%,3.0,1.0,4,306,241,79%,0.19,
1492493,2026-01-31,Clausura,Clausura - 4,S. Perez,Estadio Jalisco,home,Atlas,2283,Mazatlán,1,0,1,W,6,8,17,3,10,7,18,4,2.0,56%,1.0,,4,490,408,83%,1.15,
1492493,2026-01-31,Clausura,Clausura - 4,S. Perez,Estadio Jalisco,away,Mazatlán,14002,Atlas,0,1,0,L,4,5,11,2,7,4,8,4,1.0,44%,1.0,,5,384,302,79%,0.88,
1492498,2026-01-31,Clausura,Clausura - 4,Y. Peinaldo Aguirre,Estadio Alfonso Lastras,home,Atletico San Luis,2314,Guadalajara Chivas,2,3,1,L,2,5,8,1,7,1,7,6,4.0,55%,1.0,,5,449,367,82%,1.45,
1492498,2026-01-31,Clausura,Clausura - 4,Y. Peinaldo Aguirre,Estadio Alfonso Lastras,away,Guadalajara Chivas,2278,Atletico San Luis,3,2,2,W,7,6,14,1,10,4,13,3,3.0,45%,3.0,,0,370,311,84%,2.27,
1492495,2026-02-01,Clausura,Clausura - 4,C. A. Ramos,Estadio BBVA,home,Monterrey,2282,Club Tijuana,2,2,1,D,8,12,21,1,16,5,13,6,1.0,58%,2.0,,4,503,436,87%,1.61,
1492495,2026-02-01,Clausura,Clausura - 4,C. A. Ramos,Estadio BBVA,away,Club Tijuana,2280,Monterrey,2,2,1,D,5,9,16,2,7,9,14,6,3.0,42%,5.0,,6,360,295,82%,1.59,
1492494,2026-02-01,Clausura,Clausura - 4,A. Escobedo Gonzalez,Estadio Leon,home,Leon,2289,Tigres UANL,1,2,0,L,4,8,14,2,8,6,15,6,4.0,52%,5.0,0.0,4,441,365,83%,1.72,
1492494,2026-02-01,Clausura,Clausura - 4,A. Escobedo Gonzalez,Estadio Leon,away,Tigres UANL,2279,Leon,2,1,0,W,6,7,16,3,11,5,11,4,2.0,48%,3.0,1.0,3,414,342,83%,1.88,
1492497,2026-02-01,Clausura,Clausura - 4,H. Gomez,Estadio La Corregidora,home,Club Queretaro,2290,Pachuca,0,0,0,D,1,3,5,1,4,1,17,4,1.0,46%,1.0,1.0,1,360,279,78%,,
1492497,2026-02-01,Clausura,Clausura - 4,H. Gomez,Estadio La Corregidora,away,Pachuca,2292,Club Queretaro,0,0,0,D,1,8,13,4,5,8,12,3,0.0,54%,2.0,1.0,1,429,349,81%,,
1492500,2026-02-07,Clausura,Clausura - 5,K. I. Garcia Mendoza,Estadio Universitario,home,Tigres UANL,2279,Santos Laguna,5,1,2,W,7,10,20,3,12,8,12,4,1.0,72%,1.0,,2,546,494,90%,,
1492500,2026-02-07,Clausura,Clausura - 5,K. I. Garcia Mendoza,Estadio Universitario,away,Santos Laguna,2285,Tigres UANL,1,5,1,L,3,3,8,2,4,4,15,1,3.0,28%,3.0,,2,213,160,75%,,
1492499,2026-02-07,Clausura,Clausura - 5,I. Lopez,Estadio Victoria,home,Necaxa,2288,Atletico San Luis,4,1,1,W,5,3,10,2,7,3,15,2,3.0,54%,2.0,0.0,1,375,313,83%,,
1492499,2026-02-07,Clausura,Clausura - 5,I. Lopez,Estadio Victoria,away,Atletico San Luis,2314,Necaxa,1,4,0,L,2,3,7,2,7,0,17,3,0.0,46%,2.0,1.0,1,315,241,77%,,
1492501,2026-02-07,Clausura,Clausura - 5,K. Hernandez Andrade,Estadio Caliente,home,Club Tijuana,2280,Puebla,0,0,0,D,3,5,11,3,5,6,16,3,1.0,56%,2.0,,4,461,409,89%,,
1492501,2026-02-07,Clausura,Clausura - 5,K. Hernandez Andrade,Estadio Caliente,away,Puebla,2291,Club Tijuana,0,0,0,D,4,4,13,5,5,8,15,8,1.0,44%,1.0,,3,359,297,83%,,
1492502,2026-02-07,Clausura,Clausura - 5,V. Arce,Estadio El Encanto,home,Mazatlán,14002,Guadalajara Chivas,1,2,0,L,3,1,6,2,3,3,13,1,3.0,32%,3.0,,4,348,280,80%,,
1492502,2026-02-07,Clausura,Clausura - 5,V. Arce,Estadio El Encanto,away,Guadalajara Chivas,2278,Mazatlán,2,1,2,W,6,7,14,1,9,5,9,2,2.0,68%,2.0,,2,749,686,92%,,
1492504,2026-02-07,Clausura,Clausura - 5,L. E. Santander Aguirre,Estadio Nemesio Diez,home,Toluca,2281,Cruz Azul,1,1,1,D,6,7,15,2,10,5,15,6,3.0,55%,0.0,,2,422,347,82%,,
1492504,2026-02-07,Clausura,Clausura - 5,L. E. Santander Aguirre,Estadio Nemesio Diez,away,Cruz Azul,2295,Toluca,1,1,0,D,3,3,9,3,5,4,13,1,1.0,45%,2.0,,5,335,255,76%,,
1492503,2026-02-07,Clausura,Clausura - 5,M. Ortiz,Estadio La Corregidora,home,Club Queretaro,2290,Leon,2,0,1,W,5,6,13,2,9,4,15,2,4.0,31%,4.0,0.0,6,212,156,74%,,
1492503,2026-02-07,Clausura,Clausura - 5,M. Ortiz,Estadio La Corregidora,away,Leon,2289,Club Queretaro,0,2,0,L,7,5,17,5,10,7,9,7,1.0,69%,4.0,1.0,3,502,447,89%,,
1492505,2026-02-08,Clausura,Clausura - 5,J. Camacho Peregrina,Estadio Jalisco,home,Atlas,2283,U.N.A.M. - Pumas,2,2,1,D,3,5,9,1,8,1,8,3,4.0,65%,1.0,,1,577,508,88%,0.97,
1492505,2026-02-08,Clausura,Clausura - 5,J. Camacho Peregrina,Estadio Jalisco,away,U.N.A.M. - Pumas,2286,Atlas,2,2,2,D,3,2,6,1,4,2,11,1,0.0,35%,2.0,,1,311,232,75%,1.32,
1492506,2026-02-08,Clausura,Clausura - 5,D. Quintero,Estadio Miguel Hidalgo,home,Pachuca,2292,FC Juarez,2,0,1,W,5,8,19,6,14,5,16,7,0.0,43%,1.0,,3,311,239,77%,2.17,
1492506,2026-02-08,Clausura,Clausura - 5,D. Quintero,Estadio Miguel Hidalgo,away,FC Juarez,2298,Pachuca,0,2,0,L,3,8,12,1,7,5,8,4,2.0,57%,1.0,,3,391,321,82%,2.17,
1492507,2026-02-08,Clausura,Clausura - 5,O. M. Garcia,Estadio Ciudad de los Deportes,home,Club America,2287,Monterrey,1,0,0,W,5,10,17,2,7,10,13,6,5.0,46%,1.0,,2,428,374,87%,0.86,
1492507,2026-02-08,Clausura,Clausura - 5,O. M. Garcia,Estadio Ciudad de los Deportes,away,Monterrey,2282,Club America,0,1,0,L,2,1,4,2,1,3,12,3,2.0,54%,3.0,,4,508,440,87%,0.05,
1492508,2026-02-14,Clausura,Clausura - 6,I. Rosario,Estadio Cuauhtemoc,home,Puebla,2291,U.N.A.M. - Pumas,2,3,2,L,4,9,17,4,11,6,8,4,0.0,39%,1.0,,2,355,285,80%,0.95,-1.0
1492508,2026-02-14,Clausura,Clausura - 6,I. Rosario,Estadio Cuauhtemoc,away,U.N.A.M. - Pumas,2286,Puebla,3,2,1,W,5,6,17,6,10,7,10,2,1.0,61%,1.0,,2,565,504,89%,2.00,-1.0
1492510,2026-02-14,Clausura,Clausura - 6,J. Armenta,Estadio Nemesio Diez,home,Toluca,2281,Club Tijuana,1,0,1,W,4,5,12,3,6,6,10,4,4.0,58%,3.0,,3,501,439,88%,1.88,0.0
1492510,2026-02-14,Clausura,Clausura - 6,J. Armenta,Estadio Nemesio Diez,away,Club Tijuana,2280,Toluca,0,1,0,L,3,2,7,2,1,6,15,4,2.0,42%,3.0,,4,355,297,84%,0.32,0.0
1492513,2026-02-14,Clausura,Clausura - 6,V. Caceres,Estadio Miguel Hidalgo,home,Pachuca,2292,Atlas,3,1,2,W,4,3,7,0,2,5,17,0,1.0,38%,5.0,,4,313,242,77%,0.83,-2.0
1492513,2026-02-14,Clausura,Clausura - 6,V. Caceres,Estadio Miguel Hidalgo,away,Atlas,2283,Pachuca,1,3,0,L,5,7,15,3,9,6,8,6,0.0,62%,0.0,,1,516,448,87%,1.57,-2.0
1492511,2026-02-14,Clausura,Clausura - 6,A. Escobedo Gonzalez,Estadio Alfonso Lastras,home,Atletico San Luis,2314,Club Queretaro,3,0,1,W,6,4,10,0,8,2,10,6,1.0,58%,2.0,0.0,5,465,371,80%,1.79,0.0
1492511,2026-02-14,Clausura,Clausura - 6,A. Escobedo Gonzalez,Estadio Alfonso Lastras,away,Club Queretaro,2290,Atletico San Luis,0,3,0,L,5,10,15,0,9,6,9,2,3.0,42%,2.0,1.0,3,325,251,77%,1.11,0.0
1492512,2026-02-15,Clausura,Clausura - 6,H. Gomez,Estadio BBVA,home,Monterrey,2282,Leon,1,0,1,W,5,11,19,3,13,6,17,8,1.0,56%,3.0,,2,435,373,86%,1.44,0.0
1492512,2026-02-15,Clausura,Clausura - 6,H. Gomez,Estadio BBVA,away,Leon,2289,Monterrey,0,1,0,L,2,3,9,4,3,6,13,4,1.0,44%,1.0,,3,354,288,81%,0.55,0.0
1492509,2026-02-15,Clausura,Clausura - 6,O. M. Garcia,Estadio Olimpico Benito Juarez,home,FC Juarez,2298,Necaxa,1,2,1,L,6,7,14,1,7,7,17,7,2.0,50%,2.0,,2,308,236,77%,1.30,0.0
1492509,2026-02-15,Clausura,Clausura - 6,O. M. Garcia,Estadio Olimpico Benito Juarez,away,Necaxa,2288,FC Juarez,2,1,1,W,4,6,11,1,6,5,10,6,3.0,50%,0.0,,5,307,222,72%,0.65,0.0
1492514,2026-02-15,Clausura,Clausura - 6,C. A. Ramos,Estadio Akron,home,Guadalajara Chivas,2278,Club America,1,0,1,W,4,8,15,3,10,5,16,5,0.0,52%,4.0,,2,561,494,88%,1.54,0.0
1492514,2026-02-15,Clausura,Clausura - 6,C. A. Ramos,Estadio Akron,away,Club America,2287,Guadalajara Chivas,0,1,0,L,2,2,8,4,4,4,5,3,1.0,48%,2.0,,3,525,458,87%,0.31,0.0
1492516,2026-02-15,Clausura,Clausura - 6,D. Quintero,Estadio Azteca,home,Cruz Azul,2295,Tigres UANL,2,1,0,W,6,8,18,4,10,8,20,2,1.0,40%,2.0,,5,277,218,79%,1.78,0.0
1492516,2026-02-15,Clausura,Clausura - 6,D. Quintero,Estadio Azteca,away,Tigres UANL,2279,Cruz Azul,1,2,0,L,6,0,9,3,4,5,12,3,0.0,60%,2.0,,5,427,343,80%,0.42,0.0
1492515,2026-02-15,Clausura,Clausura - 6,L. Garcia,Estadio Corona,home,Santos Laguna,2285,Mazatlán,1,2,1,L,3,14,18,1,13,5,8,3,1.0,54%,0.0,,4,317,264,83%,2.16,0.0
1492515,2026-02-15,Clausura,Clausura - 6,L. Garcia,Estadio Corona,away,Mazatlán,14002,Santos Laguna,2,1,1,W,6,3,14,5,10,4,15,7,4.0,46%,2.0,,2,274,206,75%,0.86,0.0
1492517,2026-02-21,Clausura,Clausura - 7,M. Ortiz,Estadio Universitario,home,Tigres UANL,2279,Pachuca,1,2,1,L,2,5,9,2,5,4,7,3,2.0,56%,2.0,1.0,3,442,364,82%,0.56,0.0
1492517,2026-02-21,Clausura,Clausura - 7,M. Ortiz,Estadio Universitario,away,Pachuca,2292,Tigres UANL,2,1,0,W,5,6,15,4,10,5,21,5,1.0,44%,0.0,0.0,1,330,276,84%,0.95,0.0
1492518,2026-02-21,Clausura,Clausura - 7,K. I. Garcia Mendoza,Estadio Cuauhtemoc,home,Puebla,2291,Club America,0,4,0,L,6,6,15,3,9,6,13,3,1.0,33%,1.0,,3,270,213,79%,0.76,0.0
1492518,2026-02-21,Clausura,Clausura - 7,K. I. Garcia Mendoza,Estadio Cuauhtemoc,away,Club America,2287,Puebla,4,0,1,W,7,8,20,5,9,11,9,7,1.0,67%,1.0,,5,552,489,89%,2.67,0.0
1492519,2026-02-21,Clausura,Clausura - 7,"Fernando Hernandez, Mexico",Estadio Jalisco,home,Atlas,2283,Atletico San Luis,3,2,1,W,6,7,18,5,14,4,18,4,2.0,64%,3.0,0.0,1,408,333,82%,2.82,0.0
1492519,2026-02-21,Clausura,Clausura - 7,"Fernando Hernandez, Mexico",Estadio Jalisco,away,Atletico San Luis,2314,Atlas,2,3,2,L,3,6,9,0,5,4,16,0,1.0,36%,5.0,1.0,3,238,171,72%,1.08,0.0
1492521,2026-02-22,Clausura,Clausura - 7,"Yonatan Peinado Aguirre, Mexico",Estadio Victoria,home,Necaxa,2288,Toluca,0,3,0,L,6,6,12,0,9,3,8,3,1.0,45%,4.0,,3,311,223,72%,0.47,0.0
1492521,2026-02-22,Clausura,Clausura - 7,"Yonatan Peinado Aguirre, Mexico",Estadio Victoria,away,Toluca,2281,Necaxa,3,0,0,W,6,7,19,6,14,5,15,7,1.0,55%,3.0,,6,368,280,76%,2.12,0.0
1492520,2026-02-22,Clausura,Clausura - 7,"Salvador Perez Villalobos, Mexico",Estadio Leon,home,Leon,2289,Santos Laguna,2,1,2,W,4,2,9,3,4,5,16,2,,47%,5.0,,3,309,237,77%,1.05,0.0
1492520,2026-02-22,Clausura,Clausura - 7,"Salvador Perez Villalobos, Mexico",Estadio Leon,away,Santos Laguna,2285,Leon,1,2,1,L,4,7,14,3,4,10,17,6,,53%,1.0,,2,328,259,79%,0.61,0.0
1492522,2026-02-22,Clausura,Clausura - 7,"Maximiliano Quintero Hernandez, Mexico",Estadio Azteca,home,Cruz Azul,2295,Guadalajara Chivas,1,0,1,W,1,4,6,1,4,2,6,1,1.0,43%,3.0,,1,125,91,73%,0.36,0.0
1492522,2026-02-22,Clausura,Clausura - 7,"Maximiliano Quintero Hernandez, Mexico",Estadio Azteca,away,Guadalajara Chivas,2278,Cruz Azul,0,1,0,L,1,2,4,1,3,1,8,1,2.0,57%,3.0,,0,173,135,78%,0.37,0.0
1492525,2026-02-22,Clausura,Clausura - 7,"Martin Molina Astorga, Mexico",Estadio Caliente,home,Club Tijuana,2280,Mazatlán,1,1,1,D,4,5,14,5,7,7,13,8,3.0,56%,3.0,,1,403,348,86%,0.71,0.0
1492525,2026-02-22,Clausura,Clausura - 7,"Martin Molina Astorga, Mexico",Estadio Caliente,away,Mazatlán,14002,Club Tijuana,1,1,0,D,3,6,11,2,10,1,16,3,1.0,44%,1.0,,4,323,257,80%,2.08,0.0
1492523,2026-02-22,Clausura,Clausura - 7,"Vicente Jassiel Reynoso Arce, Mexico",Estadio Olimpico Universitario,home,U.N.A.M. - Pumas,2286,Monterrey,2,0,2,W,6,4,13,3,8,5,10,4,,36%,,,10,338,274,81%,1.54,0.0
1492523,2026-02-22,Clausura,Clausura - 7,"Vicente Jassiel Reynoso Arce, Mexico",Estadio Olimpico Universitario,away,Monterrey,2282,U.N.A.M. - Pumas,0,2,0,L,10,11,25,4,12,13,6,8,,64%,,,4,570,506,89%,1.32,0.0
